# ID	Source fingerprint	Practice distractor A	Practice distractor B
1001	8ea4b1bc	Una república federal.	Una monarquía absoluta.
1002	f61f6072	Estatuto de los Trabajadores.	Estatuto de Autonomía.
1003	9f484c03	El rey.	El Gobierno.
1004	2d3ff608	Un partido político.	Una institución de la Unión Europea.
1005	e7c48d6a	Solo de lunes a viernes por la mañana.	Únicamente con cita presencial.
1006	cb61a4c9	Solo en Madrid.	Solo en las comunidades sin lengua cooficial.
1007	620ffe3	El Instituto Nacional de Estadística.	La Dirección General de Tráfico.
1008	ae9f174a	Barcelona.	Sevilla.
1009	3ef34548	De partido único.	Bipartidista obligatorio.
1010	609ea5d4	Solo en el Palacio Real.	Únicamente durante las fiestas nacionales.
1011	df59bd52	El presidente del Gobierno.	El presidente del Congreso.
1012	b238281b	El Tribunal Constitucional.	La Unión Europea.
1013	fa44e272	José María Aznar.	Felipe González.
1014	1e08a427	El Tribunal de Cuentas.	El Consejo General del Poder Judicial.
1015	8d15aed9	El Defensor del Pueblo.	El presidente del Senado.
1016	7fad913c	Congreso de los Diputados.	Consejo de Ministros.
1017	51dee5c8	Una tarjeta sanitaria.	Un carné de conducir.
1018	ca0e7f2f	Por una orden ministerial.	Por una decisión del Tribunal de Cuentas.
1019	f2f4123c	Constitución municipal.	Reglamento del Congreso.
1020	19ed4fb5	Tribunal Constitucional.	Consejo de Estado.
1021	1de74fc5	El rey.	El Tribunal Constitucional.
1022	b1c317ab	Cabildos.	Delegaciones del Congreso.
1023	597ef111	Sevilla.	Zaragoza.
1024	9533c2d1	Solo a los ministros.	Solo a los jueces.
1025	13587cab	Ejecutivo.	Judicial.
1026	81d26cab	Reuniendo 50.000 firmas.	Solicitando permiso al Tribunal de Cuentas.
1027	811d89d5	15.	19.
1028	81d95c2f	Rojo y blanco.	Azul y amarillo.
1029	eab2816c	En Barcelona.	En Sevilla.
1030	1ce5484f	La ONU.	La OTAN.
1031	c58f1b54	Diputados y senadores.	Eurodiputados.
1032	5181ab79	El gallego.	El catalán.
1033	fad001f6	Oficial de todas las comunidades autónomas.	Más hablada en la Unión Europea.
1034	86587fa2	Galicia.	Andalucía.
1035	d768ac86	La diputación provincial.	El cabildo insular.
1036	f163b417	El murciano.	El inglés.
1037	7ba98c2e	El Instituto Nacional de Estadística.	La Agencia Tributaria.
1038	b1fed9a7	La Agencia Estatal de Meteorología.	La Dirección General de Tráfico.
1039	d1e9b3c1	En el Palacio de la Zarzuela.	En el Palacio Real.
1040	a8b0bed	La Policía Nacional.	La Policía Local.
1041	62a64cde	Los jueces del Tribunal Supremo.	Los concejales de todos los ayuntamientos.
1042	e7f6f87e	Estado confesional.	Estado de monarquía absoluta.
1043	29af7ab4	INE.	DGT.
1044	bbe0aebe	Princesa de Galicia.	Princesa de Navarra.
1045	f94bf74a	Con Felipe VI.	Con Alfonso XIII.
1046	52db60e	En 1975.	En 1986.
1047	bb2976d7	Solo dos.	Ninguna.
1048	6d01dd8b	La Agencia Tributaria.	La Real Academia Española.
1049	9f455144	50.000 firmas.	5.000 firmas.
1050	43fa0f5	La Unión Africana.	La Asociación de Naciones del Sudeste Asiático.
1051	c2cdcc49	Judicial.	Parlamentaria.
1052	1efcebe4	A los ministros.	A los jueces y magistrados.
1053	1dfb4d79	En el Palacio de la Moncloa.	En el Palacio de las Cortes.
1054	58f697c5	Consejo General del Poder Judicial.	Consejo de Ministros.
1055	5b1ca396	Son partidos políticos.	Dependen de la Casa Real.
1056	c7584e0c	Solo los hombres.	Solo las mujeres.
1057	133294d	La Agencia Tributaria.	La Dirección General de Tráfico.
1058	4129653c	El alcalde de Madrid.	El Defensor del Pueblo.
1059	1331a49d	Gallego.	Euskera.
1060	e70d3ba9	La censura.	La desigualdad.
1061	aaf6e00c	Un referéndum obligatorio en todos los casos.	La aprobación de todos los ayuntamientos.
1062	411da19b	19 millones.	89 millones.
1063	1a9d63a3	La Agencia Estatal de Meteorología.	La Real Academia Española.
1064	fa355bca	El Tribunal de Cuentas.	El Consejo General del Poder Judicial.
1065	78d1c9bc	La Policía Nacional.	El Ministerio de Defensa.
1066	1857004	Gallego y la cultura gallega.	Catalán y la cultura catalana.
1067	60c0eccb	Mérida.	Teruel.
1068	a2c73c81	Solo los funcionarios.	Únicamente los mayores de 65 años.
1069	b8ad54f	Juan Carlos I.	Alfonso XIII.
1070	d2e3cfad	Tribunal de Cuentas.	Consejo de Ministros.
1071	be907c56	El Tribunal Constitucional.	El Consejo General del Poder Judicial.
1072	d1a971e	Una orden ministerial.	Un reglamento municipal.
1073	bc6a3bf2	El Consejo de Ministros.	El Tribunal Supremo.
1074	2c94f18b	El poder judicial.	El Defensor del Pueblo.
1075	de453446	El Tribunal de Cuentas.	La Policía Local.
1076	5f2d70db	Organización Mundial del Turismo.	Organización Mundial de la Salud.
1077	529ac526	La Policía Local.	El Defensor del Pueblo.
1078	bcd01d09	La Policía Local.	La Agencia Tributaria.
1079	8a0bf175	Felipe VI.	Clara Campoamor.
1080	a20e8014	Ertzaintza.	Policía Foral.
1081	9628628	Mossos d'Esquadra.	Policía Foral.
1082	9d1b248a	Desde 1978.	Desde 1986.
1083	6f0fb3d1	El Ejército de Tierra.	El Tribunal de Cuentas.
1084	26118a84	Solo los ciudadanos españoles.	Solo los funcionarios públicos.
1085	a0d5bbe2	Una obligación sancionable si no se cumple.	Un derecho exclusivo de los funcionarios.
1086	5a23886e	La Policía Local exclusivamente.	El Ejército del Aire.
1087	822547bd	El Defensor del Pueblo.	El Instituto Cervantes.
1088	b38df928	En el padrón municipal.	En el Registro Civil.
1089	760b048d	Consejos insulares.	Cortes Generales.
1090	d6ec8d72	Realizar el examen práctico de conducir.	Pasar la inspección técnica del vehículo.
1091	25318c05	112.	016.
1092	d97fd6c7	Estados independientes.	Cantones federales.
1093	f683de61	Solo uno.	Solo dos.
1094	f18b8d76	En el Senado.	En el Tribunal Constitucional.
1095	f2fa301a	El presidente del Congreso.	El Defensor del Pueblo.
1096	1ee6de2c	El alcalde de la capital.	El presidente de la diputación.
1097	fd0feb73	17.	52.
1098	4a5aaed9	Del Tribunal Constitucional.	De la Unión Europea.
1099	c735b0b7	A los jueces y magistrados.	A las Cortes Generales.
1100	b56d109e	Una.	Tres.
1101	abc64288	El Tribunal Supremo.	El Parlamento Europeo.
1102	5d1ae436	El municipio.	La diputación provincial.
1103	6589731	Una.	Tres.
1104	dab9d645	El ayuntamiento.	La diputación provincial.
1105	d946139f	Los ministros.	Los senadores.
1106	bd814842	El rey y los ministros.	Los alcaldes y los concejales.
1107	156dbd3b	El cabildo nacional.	El Senado.
1108	d6943e71	Ayuntamientos.	Consejos de Ministros.
1109	a11b4e67	El Senado.	El Tribunal Supremo.
1110	cc487f31	Aranés.	Euskera.
1111	700ae4e9	A los alcaldes.	A los diputados provinciales.
1112	c1c98908	16 años.	21 años.
1113	5d626a52	Generales.	Al Senado.
1114	b130084	El Instituto Cervantes.	La Agencia Estatal de Meteorología.
1115	b2f44706	A los alcaldes y concejales.	A los eurodiputados.
1116	e8ed7ff8	250.	450.
1117	49879e45	Europea.	Judicial.
1118	6d0e8b6c	La Rioja.	Cantabria.
1119	47a85397	Diputación.	Cabildo.
1120	30e72a46	El Senado.	El Tribunal Constitucional.
3001	9b2e9563	En Andalucía.	En Castilla-La Mancha.
3002	7b06706a	Alicante.	Castellón.
3003	bee0829a	En el océano Atlántico.	En el mar Cantábrico.
3004	ce701f95	Sistema Central.	Sierra Nevada.
3005	7daec690	Cataluña.	Extremadura.
3006	3c8918b3	En Castilla y León.	En Aragón.
3007	823c16b7	Asturias.	Cantabria.
3008	a91c7afc	En Aragón.	En Extremadura.
3009	dc3a81e9	A Coruña.	Vigo.
3010	85d284c5	El Tajo.	El Duero.
3011	b28d4e8b	En Sierra Nevada.	En el Sistema Central.
3012	bb2088fb	Navarra.	La Rioja.
3013	80dbfebe	Estados federados.	Cantones independientes.
3014	2e339020	Aragón.	Andalucía.
3015	2140ef06	Tenerife.	Mallorca.
3016	1985a912	Las Palmas de Gran Canaria.	Santa Cruz de Tenerife.
3017	d5fd430c	El Júcar.	El Ebro.
3018	3b933937	Huesca.	Almería.
3019	cbf90e47	Cataluña.	Castilla y León.
3020	3d0afd99	Continental.	Polar.
3021	c5d0ceda	Tajo.	Duero.
3022	2fa62632	Llanos.	Pequeños en superficie.
3023	2352a542	En Badajoz.	En Huesca.
3024	2bccb7f8	Cáceres.	Badajoz.
4001	b9074299	Lazarillo de Tormes.	Don Juan Tenorio.
4002	6bbdd453	Maruja Mallo.	Pilar Miró.
4003	d034da3f	Miguel de Cervantes.	Vicente Aleixandre.
4004	5ee8ce0b	Mercè Rodoreda.	Irene Vallejo.
4005	86252f04	Paco de Lucía.	Isaac Albéniz.
4006	6a95aeb6	Tomar doce uvas.	Regalar libros y rosas.
4007	8f506cc8	La gaita.	El violín.
4008	69253de4	Pintora.	Científica.
4009	f4908f5d	Margarita Salas.	Clara Campoamor.
4010	e50043f9	Bilbao.	Zaragoza.
4011	120a1411	Córdoba.	Sevilla.
4012	18b94f3a	Sara Baras.	Penélope Cruz.
4013	965eeadf	Nada.	La casa de Bernarda Alba.
4014	44469d9c	Real Academia Española (RAE).	Instituto Cervantes.
4015	83ccacb8	Pintor.	Cocinero.
4016	162c35b	Nochevieja.	El Día de la Constitución.
4017	666f2f75	Escritor.	Director de cine.
4018	ca77db39	Una directora de cine.	Una cantante de flamenco.
4019	8c00baa6	Jotas exclusivamente.	Himnos deportivos.
4020	fb00ea2b	Tenis.	Natación.
4021	c38c2dd7	Federico García Lorca.	Miguel de Cervantes.
4022	cbe5a86	Las Fallas.	La Tomatina.
4023	af7c192	Directores de cine.	Premios Nobel de Literatura.
4024	4a4e6511	Castañas.	Aceitunas.
4025	23d46a3	Carmen Laforet.	Clara Campoamor.
4026	ccaef240	Museo del Prado.	Museo Guggenheim.
4027	40a261c	Maruja Mallo.	Margarita Salas.
4028	dff88345	La cristiana, la budista y la hindú.	La judía, la budista y la sintoísta.
4029	62848596	La Fiesta Nacional.	La Noche de San Juan.
4030	f7d7939a	Bilbao.	Oviedo.
4031	1454e8a7	Madrid.	Barcelona.
4032	f029f6a	Deportistas.	Cocineros.
4033	a9afe43e	Premio Cervantes.	Premio Nobel de Literatura.
4034	67e7bf7b	Los Premios Goya.	Los premios de la Copa del Rey.
4035	271f56c5	El críquet.	El fútbol australiano.
4036	13bc4c69	Marc Márquez.	Miguel Induráin.
5001	5819da32	La tarjeta sanitaria europea.	El carné de conducir.
5002	20800dc4	El informe de vida laboral.	El carné de conducir.
5003	88f30dc3	Al pasaporte.	Al carné de conducir.
5004	2b7f1f59	16 años.	21 años.
5005	974ef5bf	El Registro Civil.	La Agencia Tributaria.
5006	f9c88d57	Solo un examen teórico.	Solo un examen práctico.
5007	f045396e	En la Dirección General de Tráfico.	En el centro de salud.
5008	1dcd8d2e	La 1.	Canal 24 horas.
5009	862785fa	9 semanas.	29 semanas.
5010	89e8a1a5	1,5 g/l.	2,5 g/l.
5011	f46c03b9	Una casa rural aislada.	Una caravana.
5012	aa4e73b6	Cantabria.	La Rioja.
5013	2bda12ce	IRPF.	IVA.
5014	736a55e1	Menú del día.	Postre.
5015	f901ed90	En el Registro Civil.	En la Dirección General de Tráfico.
5016	e8c6c35e	Con 1 hijo.	Con 2 hijos en todos los casos.
5017	f91c5a40	Solo entre personas de diferente sexo.	Solo entre personas del mismo sexo.
5018	57bc6ecf	El Registro Civil.	El Instituto Cervantes.
5019	b98a85ca	Arroz.	Pasta.
5020	91d4f885	Sushi.	Cuscús.
5021	34f46554	Antena 3.	Telecinco.
5022	68d7f426	Hacer ruido a cualquier hora.	Ocupar siempre los espacios comunes con objetos personales.
5023	14f71ebb	Patatas.	Pasta.
5024	4d12fd67	Andalucía.	Canarias.
5025	ca0677fb	Obligatoriamente siempre el del padre.	Obligatoriamente siempre el de la madre.
5026	8b9347a4	6 de diciembre.	23 de abril.
5027	b1c4f6ff	Los martes.	Los jueves.
5028	b4c67f0b	En el centro de salud.	En una biblioteca pública.
5029	37f8ee4d	Recaudación de impuestos.	Inspección de vehículos.
5030	9a13eea2	Asturias.	Canarias.
5031	bb06bdff	El carné de conducir.	El certificado de estudios.
5032	650fa66a	Una hora más.	Dos horas menos.
5033	64df9b0b	Inspección Técnica de Vehículos.	Prueba de Educación Infantil.
5034	9089ed42	Aceite de oliva.	Calzado.
5035	a6db81cb	Solo impuestos directos.	Solo impuestos indirectos.
5036	792ca796	18 años.	21 años.
5037	3620faa8	En el interior de un avión.	En una sala de cine.
5038	fc0c056	Se compone de un solo curso académico.	Es obligatorio hasta los 18 años.
5039	27f6589b	Impuestos directos.	Impuestos sobre la renta exclusivamente.
5040	25a352c2	El número de pasaporte nuevo.	El número del carné de conducir.
5041	9175a614	Exigen pagar matrícula como centros privados.	Solo admiten hijos de funcionarios.
5042	406cb991	Toledo.	Valladolid.
5043	8194c9cd	No recibe dinero de la Administración.	Depende de la Casa Real.
5044	20464dcb	De Oceanía.	De la Antártida.
5045	ed784427	Solo los niños.	Solo los desempleados.
5046	ce0d6190	Petróleo.	Gas natural.
5047	a3e70dec	Una Escuela Oficial de Idiomas.	Una autoescuela.
5048	e5a35807	Solo puede ser de grado medio.	Solo puede ser de grado superior.
5049	fd64f2a5	Al Registro Civil.	A la farmacia para una consulta médica de familia.
5050	13f75635	Para cinco años.	Para diez años.
5051	e2257d15	A las 17 o 18 h.	A las 15 o 16 h.
5052	a94a77f9	016.	060.
5053	6869c204	El Boletín Oficial del Estado.	Un boletín municipal de barrio.
5054	f5e0a47b	En el Registro Civil.	En el centro de salud.
5055	86620260	Solo por la mañana.	Solo de lunes a viernes.
5056	7dd71bfb	La DGT.	La Agencia Tributaria.
5057	7dad0f67	Una autopista de peaje.	Una ruta exclusivamente para vehículos.
5058	848e5c1	La 2.	Canal Sur.
5059	2d9bdf95	112.	060.
5060	338b2e	De navegación.	De vuelos regionales.
5061	50a94d26	Esperar a los hijos.	Caminar por la acera.
5062	358e1503	Doctor.	Graduado universitario.
5063	28712c26	Técnico.	Bachiller.
5064	7df9a516	En el estanco.	En la biblioteca.
5065	2276cc8	Prohibido embarcar sin billete.	Obligatorio pasar la ITV.
5066	e315c5be	Un aparcamiento privado propio.	Un permiso para viajar al extranjero cada mes.
5067	3dddcb36	Barcelona.	Málaga.
5068	c42a4554	Solo en los asientos delanteros.	Solo para el conductor.
5069	7af9c54c	90 km/h.	140 km/h.
5070	8af384cb	El Registro Civil.	La declaración de la renta.
5071	bf181c21	El tren de cercanías.	El autobús interurbano.
5072	e1405c41	Inscribirlo en el Registro Civil.	Solicitarle una tarjeta sanitaria pública.
5073	c5579049	Italia.	Alemania.
5074	4192403a	14 años.	18 años.
5075	c0f8cb33	Agricultura.	Minería.
5076	39ff1501	La extracción de petróleo.	La extracción de gas natural.
5077	fc8c6ef1	La Constitución municipal.	El Reglamento de Circulación.
5078	b382f495	Registro Civil.	Biblioteca municipal.
5079	ea04d560	Tiene un solo ciclo.	Tiene cuatro ciclos.
5080	1e30cad	En enero.	En julio.
5081	345e6f76	Solo admiten a mayores de 25 años.	Son centros privados del Instituto Cervantes.
5082	ba27e07a	Certificado de empadronamiento.	Tarjeta sanitaria europea.
5083	cda0fd56	Las normas de circulación.	El calendario de elecciones generales.
5084	fbf5736f	En la extracción de petróleo.	En la producción de gas natural.
